{"cameraMode":{"drawMode":0,"name":"Shaded","section":"Shading Mode"},"sceneLighting":true,"audioPlay":false,"sceneViewState":{"showFog":false,"showMaterialUpdate":false,"showSkybox":false,"showFlares":false,"showImageEffects":false,"showParticleSystems":false},"in2DMode":false,"pivot":{"x":-0.974798321723938,"y":0.4898269474506378,"z":8.047369956970215},"rotation":{"x":0.023901911452412607,"y":-0.08627849072217941,"z":0.002133874921128154,"w":0.99601811170578},"size":4.167995452880859,"orthographic":false}