{"cameraMode":{"drawMode":0,"name":"Shaded","section":"Shading Mode"},"sceneLighting":false,"audioPlay":false,"sceneViewState":{"showFog":true,"showMaterialUpdate":true,"showSkybox":false,"showFlares":true,"showImageEffects":true,"showParticleSystems":true},"in2DMode":false,"pivot":{"x":-0.7258186340332031,"y":0.7760642170906067,"z":0.7830204367637634},"rotation":{"x":0.13800135254859925,"y":0.3280388414859772,"z":-0.048546113073825839,"w":0.9333217740058899},"size":7.368470191955566,"orthographic":false}