{"cameraMode":{"drawMode":0,"name":"Shaded","section":"Shading Mode"},"sceneLighting":true,"audioPlay":false,"sceneViewState":{"showFog":true,"showMaterialUpdate":false,"showSkybox":true,"showFlares":true,"showImageEffects":true,"showParticleSystems":true},"in2DMode":false,"pivot":{"x":0.024855270981788636,"y":1.4545401334762574,"z":0.18554389476776124},"rotation":{"x":0.004784870892763138,"y":-0.9953924417495728,"z":0.06659357994794846,"w":0.06941716372966767},"size":0.6114376783370972,"orthographic":false}